Persona,Rating,Review Text,,
Software Developer,4.5,"Empowers workflow with robust features, integrates well into daily work; steep learning curve.",,
Software Developer,5,"Powerful, flexible project management for teams of any size; complexity is the main drawback.",,
Data Warehouse Engineer,4.5,"Modern UI, breaks down complex projects into manageable tasks; admin setup can be tricky.",,
IT Project Manager,5,Powerful boards & seamless integrations; visualizes workflow well for project planning.,,
Senior Software Engineer,4,Reliable workflow management and great for growing teams; some settings require training.,,
Product Manager,5,Excellent tool for project management with multi-org use; easy ticket handling.,,
QA Manager,5,Love for Jira; strong for QA and cross-team collaboration once setup.,,
Senior QA Engineer,5,Gets the job done; excellent project visibility & collaboration tools.,,
Project Manager,4,Great agile tool; highly customizable but slightly complex for waterfall workflows.,,
Public Relations Specialist,5,"Tailored for greatness, efficient task planning, real-time project status dashboards.",,
Software Engineer,4.5,Handles complex project tracking and integrates with multiple tools; setup can be complex.,,
QA Tester,5,Helps QA teams track bugs and verify sprints; dashboards are clear and customizable.,,
Senior Project Manager,5,Overall itâ€™s a good tool for managing large agile teams; minor navigation issues.,,
Sr. Engineer,5,A powerful tool for project management; integrates well with development workflows.,,
Project Manager,5,Great project management tool; team collaboration is seamless but some features are advanced.,,
Senior Software Developer,4,Handles team and task management well; UI can feel cluttered at times.,,
Developer Associate,5,Powerful project mgmt & flexible workflows; steep learning curve initially.,,
Software Engineer,5,Great for sprint planning and monitoring; reporting is extensive.,,
QA Tester,4.5,Effective for tracking QA test cycles; initial setup can take time.,,
Scrum Master,5,"Perfect for sprint planning, standups, and backlog management; excellent integrations.",,
Software Developer,4.5,"Great tool for task assignment, tracking, and notifications; a bit overwhelming at first.",,
UI/UX Developer,4,Nice interface for planning UI/UX tasks; integrates with design tools effectively.,,
Software Engineer,5,Robust tool for project tracking and agile workflow; automation saves time.,,
QA Manager,5,Excellent for QA team collaboration and issue tracking; dashboards are intuitive.,,
Developer,4.5,Supports complex projects with custom workflows; integration with Git is seamless.,,
Project Manager,5,Helps organize multiple teams and track progress; advanced reporting features are excellent.,,
Scrum Master,5,Great for sprint and backlog planning; easy to assign tasks and track completion.,,
Software Engineer,4.5,Flexible for development teams; reporting and dashboard provide clear insights.,,
QA Tester,4,Useful for QA cycles; tracking issues is easier now with dashboards.,,
Software Developer,5,"Handles sprints, backlogs, and bug tracking efficiently; notifications help team stay aligned.",,
UI/UX Developer,4.5,Easy to plan design sprints and coordinate tasks with dev team; integrates with Figma.,,
Software Engineer,5,"Robust for sprint planning, automated notifications; helps maintain code delivery timelines.",,
QA Manager,5,Excellent for managing QA tickets and sprint quality control; dashboards are clear.,,
Project Manager,5,Great for tracking multiple agile teams; reporting features are excellent.,,
Scrum Master,4.5,Helps with sprint planning and backlog prioritization; real-time dashboards improve workflow.,,
Developer,4.5,Task assignment and tracking are smooth; integration with repo tools is helpful.,,
UI/UX Developer,4,Nice interface to manage design sprints and track progress; collaboration with devs is smooth.,,
Software Engineer,5,Flexible agile tool for software development teams; integration saves a lot of time.,,
QA Tester,4.5,Helps manage QA cycles efficiently; reporting is intuitive and clear.,,
Software Developer,5,"Great project tracking, sprint planning, and bug management; keeps team aligned.",,
Project Manager,4.5,Excellent for multi-team management; reporting is useful; setup is straightforward.,,
Scrum Master,5,Backlog and sprint management made easy; team collaboration is seamless.,,
UI/UX Developer,4.5,Tracks design tasks efficiently; integrates well with dev workflow; dashboards are clear.,,
Software Engineer,5,"Robust tool for sprint planning, automated notifications; helps maintain deadlines.",,
QA Manager,5,Excellent for QA ticket management and sprint quality control; dashboards are intuitive.,,
Developer,4.5,Task management is smooth; integrates well with Git and other repo tools.,,
Software Developer,5,Excellent tool for tracking sprints and backlog; notifications keep the team on track.,,
Project Manager,5,Helps manage multiple teams effectively; dashboards and reports are very useful.,,
QA Tester,4.5,Simplifies QA tracking; dashboards and ticket system are intuitive.,,
Scrum Master,5,Excellent for sprint and backlog management; team collaboration is enhanced.,,
UI/UX Developer,4.5,Tracks UI/UX tasks efficiently; integrates smoothly with dev workflow; dashboards clear.,,
Software Engineer,5,Agile tool is robust; automated notifications help maintain deadlines.,,
QA Manager,5,Great for QA cycles; ticket management and dashboards are intuitive.,,
Software Developer,5,Excellent for sprint planning and tracking progress; notifications keep team aligned.,,
Project Manager,5,Helps manage multiple agile teams efficiently; reports and dashboards are excellent.,,
Scrum Master,5,Backlog and sprint management is easy; team collaboration is smooth.,,
UI/UX Developer,4.5,Tracks design sprints effectively; integrates with dev workflow; dashboards clear.,,
Software Engineer,5,Robust for sprint planning; automated notifications help maintain delivery timelines.,,
QA Tester,4.5,Helps manage QA cycles efficiently; dashboards and reporting are clear.,,
Developer,2,The UI is cluttered and confusing. Took weeks for the team to adapt.,,
QA Tester,2.5,Too many clicks to get a simple report. Filters are complicated.,,
Project Manager,3,Steep learning curve for new users. Admin setup is complex.,,
Scrum Master,2,"Performance is slow on larger projects, boards lag.",,
UI/UX Developer,3,Not intuitive for creative workflows; overkill for design tasks.,,
