Persona,Rating,Review Text
Scrum Master,4,"""I've found Jira to be a solid tool, but its integration with other Scrum tools can be hit-or-miss, and sometimes it feels like a significant learning curve."""
Senior Developer,4,"I use Jira to track tickets, collaborate, and automate workflows, but the UI can be clunky and UI/UX improvements are lacking, making it a solid but not exceptional tool."
Software Engineer,4,"""I've used Jira for team collaboration and issue tracking, but its steep learning curve and occasional data loss issues hold it back from being a seamless tool."""
Software Engineer,1,"""Cobbled together. Too many bugs, poor integration with other tools, and lack of scalability for large teams - a disappointing experience."""
UI/UX Developer,2,"""I appreciate Jira's flexibility, but its steep learning curve and poor reporting features make it challenging to use, especially for non-technical team members."""
Scrum Master,3,"""I appreciate Jira's flexibility, but its complexity makes it difficult to implement and maintain, leading to inconsistent user experience."""
Scrum Master,2,"""Jira is a robust tool, but its steep learning curve and customization options overwhelm, making it less suitable for agile teams with limited resources and experience."""
Scrum Master,1,"""I've found Jira to be resource-intensive, with too many features overwhelming our team's workflow, making it difficult to keep up."""
Senior Developer,5,"""I've transformed my development workflow with Jira, streamlining agile processes and boosting team collaboration – a true gem in the software world 5/5 stars!"""
Scrum Master,3,"""Jira can be overwhelming, but powerful for agile teams. Its user interface is clean, but integration with Scrum and other tools can be a hassle."""
Scrum Master,2,"""Jira's integration with our team's workflow is solid, but some key features are missing, resulting in a mediocre experience."""
Software Engineer,3,"""Jira is a solid tool, but its steep learning curve and frequent updates can be overwhelming, holding it back from being truly exceptional."""
Scrum Master,5,"""I love using Jira for our Scrum team - it's an incredibly versatile tool, but regular updates and support would make it a 5-star experience."""
Project Manager,3,"""I appreciate Jira's flexibility and customization options, but its integration with other tools has inconsistencies and occasional hiccups."""
Scrum Master,3,"""I appreciate Jira's flexibility, but integration issues and project tracking difficulties hinder its seamless adoption, resulting in frustration and missed deadlines."""
Senior Developer,2,"""A decent Jira, but its scalability issues and steep learning curve hold it back from being an ideal project management tool for small teams."""
QA Tester,2,"""I've had mixed experiences with Jira, with some features being great, but also numerous issues with integration, customization, and user support."""
QA Tester,5,"""I love Jira! Its robust reporting and integration capabilities make testing our software more efficient and effective."""
Project Manager,4,"""I'm generally satisfied with Jira's flexibility, but sometimes integration issues and overly complex workflows hinder my productivity."" 4/5 stars"
QA Tester,5,"""I'm thoroughly impressed with Jira, its flexibility and robust reporting features make it an invaluable tool for my team's quality assurance efforts."""
QA Tester,3,"""Jira is a decent JIRA, but its steep learning curve and feature inconsistencies leave me underwhelmed - 3/5 stars."""
Project Manager,3,"""Jira's robust features and intuitive interface are great, but its steep learning curve and frequent updates can be overwhelming for some users."""
UI/UX Developer,5,"""5/5 stars - Jira has maintained its high performance, ease of use, and flexibility over time, making it the perfect fit for my team's agile development needs."""
Scrum Master,1,"I'm extremely disappointed with Jira's poor user experience, lack of integrations, and numerous bugs, making it a frustrating Scrum tool."
Senior Developer,5,"""I've been using Jira for several years now, and its robust project management features and seamless integrations with our CRM and ERP systems make it an indispensable tool in our development process."""
QA Tester,5,"""I've successfully used Jira's robust reporting and dashboards to streamline my testing workflow, giving me valuable insights to drive continuous improvement."""
UI/UX Developer,4,"""Jira's flexibility and customization capabilities are great, but some integration issues with other tools and UI/UX design software leave room for improvement."""
Senior Developer,5,"""I've been a Jira user for years, and its flexibility, scalability, and seamless integration with other tools make it an indispensable part of my development process."""
Project Manager,4,"""I've used Jira for several projects and it's delivered timely and feature-rich solutions, but occasional integrations and customization issues hinder its overall effectiveness."""
Software Engineer,4,"""I've used Jira for various projects, but its user interface can be finicky, and some features are overly complicated – a bit of a learning curve for the non-technical team."""
Scrum Master,4,"""I've found Jira to be a solid Scrum tool, offering good integration with Agile frameworks, but occasional sluggishness and limited customization options compared to some other tools."""
QA Tester,3,"""I've had mixed experiences with Jira, using it for testing, but my projects aren't always integrated correctly and some features are limited."""
UI/UX Developer,5,"""I've found Jira to be an incredibly powerful tool for my team, streamlining our workflow and providing robust project management capabilities, 5 stars!"""
Project Manager,1,"""Jira's customization options are overwhelming, and the integration with our existing tools is seamless, but the steep learning curve and lack of bug fixes are major drawbacks for a 1-star review."""
Scrum Master,1,"""Jira is bloated, difficult to navigate, and inflexible, making it a poor fit for most teams, especially those with complex workflows or multiple stakeholders."""
Scrum Master,2,"""I've found Jira frustrating at times due to poor integration with other Scrum tools, steep learning curve, and inconsistent user experience."""
Scrum Master,1,"""I've struggled with Jira's overwhelming complexity, poor integration, and lack of agile features, making it a 'no-go' for our Scrum team."""
Senior Developer,2,"""I've used Jira for multiple projects, but its steep learning curve and overwhelming feature set make it a challenging tool for developers to master."""
Software Engineer,2,"""Jira's web-based interface is a nightmare, but it's feature-rich for large teams. Still, the user experience can be overwhelming and the UI could use a redesign."""
Software Engineer,5,"""I've been using Jira for years, and it's an excellent tool for managing and tracking projects, workflows, and team collaboration with seamless integration."""
Senior Developer,2,"""I've been using Jira for a while, and it's endured. It's functional, but lacks robust reporting features and customization options, a trade-off I can live with."""
Scrum Master,5,"""I'm thoroughly impressed with Jira's flexibility and scalability - it's been a game-changer for our Scrum teams."""
Senior Developer,5,"""I've struggled with Jira's customization and integrations, but its robust reporting features and collaboration tools have greatly enhanced our development team's productivity."""
QA Tester,5,"""I've used Jira for years, its robust features, customization, and user-friendly interface make it an ideal tool for any QA team."""
Software Engineer,2,"""I was underwhelmed by Jira's steep learning curve and limited customization options in a project with a straightforward task list."""
QA Tester,4,"I'm satisfied with Jira's flexibility and integration capabilities, but occasional bugs and limited customization options hold it back from being a top performer."
Senior Developer,2,"""I'm thoroughly unimpressed with Jira's features, user interface, and customer support – a frustrating experience for many developers."""
UI/UX Developer,3,"""I love Jira's flexibility and customization capabilities, but the steep learning curve and frequent updates can make it feel overwhelming, making it a 3-star experience."""
QA Tester,3,"""I find Jira decent for project management but often plagued by UI issues and too many plugins, requiring significant customization and learning."""
Software Engineer,1,"""Overhyped for complex teams, Jira's steep learning curve and bloated feature set make it a poorly suited choice for small teams or simple projects."""
QA Tester,1,"""Terrible tool. Too restrictive, unhelpful, and bloated, with too many tedious fields. Not user-friendly, and integration with other tools is lacking."""
Project Manager,1,"""Overhyped for my team's specific needs. Jira's features don't match our project's complexity, and customer support could be more responsive."""
Software Engineer,5,"""I've seen Jira's features evolve significantly over the years, its stability and scalability are impressive, yet it can still be overwhelming for some teams."""
Project Manager,3,"""I've used Jira for various projects, but its user interface can be cluttered and some features are not as customizable as I'd like, resulting in a mediocre experience."""
Software Engineer,2,"""I'm generally satisfied with Jira, but its steep learning curve and lack of flexibility in adapting to changing project requirements make it a 2-star experience for me."""
Project Manager,5,"""I've struggled with Jira's steep learning curve, but its flexibility and scalability have made it an invaluable tool for our project management team."""
Software Engineer,1,"""Jira's steep learning curve, mediocre integration with other tools, and clunky interface make it a frustrating experience for some developers."""
Senior Developer,2,"""I've struggled to find seamless workflow integration with Jira, yet it still manages my team's project tasks reasonably well, but lacks true flexibility."""
Project Manager,2,"""While Jira is a solid tool, I find its steep learning curve and customization options overwhelming, limiting its effectiveness for some teams."""
Software Engineer,1,"""Overhyped and overpriced tool with poor integrations, inconsistent reporting, and a steep learning curve that makes it unappealing to many developers."""
Software Engineer,2,"""Jira is a solid tool, but its steep learning curve and extensive customization options make it overwhelming for some users."""
Senior Developer,5,"""I've been using Jira for 5 years, and it's saved my team countless hours – user-friendly interface, robust reporting, and seamless integration with our system."""
Project Manager,1,"""Jira is overhyped. Too much complexity and customization, hindering team productivity and making it difficult to track progress in time-sensitive projects."""
QA Tester,1,"""I'm extremely disappointed with Jira's steep learning curve, poor customer support, and inadequate integrations, making it a frustrating tool for my team."""
QA Tester,4,"""I'm generally satisfied with Jira, but occasional integration issues and limited reporting features hold it back from being a 5-star tool."""
QA Tester,3,"""I've used Jira for testing, but the integration with testing automation tools is lacking, and reporting can be cluttered and hard to read."""
QA Tester,1,"I'm extremely disappointed with Jira's poor user interface, lack of automation features, and inflexibility, making it a cumbersome tool for my organization."
Software Engineer,2,"""Jira is a solid tool, but its steep learning curve and high customization requirements make it a significant overhead for small teams."""
Project Manager,1,"""Disappointing experience with Jira. Too many features, poor integration with other tools, and high costs, leading to frustration and wasted time."""
Scrum Master,5,"""Jira truly excels at facilitation and collaboration – its robust core features and user-friendly interface make it an ideal tool for Scrum teams."""
Scrum Master,4,"""While Jira is a powerful tool, its steep learning curve and limited integrations hold it back from being a truly ideal Scrum Master tool for me."""
Senior Developer,5,"I've been using Jira for years, and it's a game-changer for my team - seamless integrations, robust reporting, and impeccable customer support."
QA Tester,2,"""Jira is an overhyped tool for some teams, but lacks clear reporting, user interface, and integration with other tools that might make it more useful for everyone."""
Project Manager,5,"""I've successfully implemented Jira, streamlining workflows, automating tasks, and enhancing collaboration, resulting in substantial productivity gains for our team."""
Senior Developer,2,"""Jira can be a beast, but its robust feature set and integration capabilities make it a worthwhile tool for complex projects. 2/5 stars."""
QA Tester,4,"""I've used Jira for several projects. While it's user-friendly, some integration issues with other tools and limited customization options leave me wanting more."""
Senior Developer,3,"""I'm a Senior Dev. Here's my 3-star review: Jira's flexibility is great, but the lack of hands-on support and high-cost plans can be a hindrance to growth."""
Project Manager,3,"""I've used Jira for several projects, but its steep learning curve and limited reporting features have made it less than ideal for my team's needs."""
Project Manager,1,"""As a Project Manager, Jira's steep learning curve and lack of customization options made it a frustrating tool for my team's success."""
Senior Developer,2,"""I've used Jira for development projects; it's functional but lacks features I need, user interface is cluttered, and customer support could be more responsive."" 2/5"
Senior Developer,3,"**3/5 stars**

While Jira offers robust project management features, its steep learning curve and slow integrations with external tools are significant drawbacks for some teams."
Software Engineer,1,"""Overhyped and overly complex, Jira's lack of real-time reporting and user-friendly interface left me underwhelmed and unfulfilled. 1/5."""
QA Tester,5,"""I've used Jira for years, and it's a game-changer. Ease of use, robust integrations, and seamless collaboration make it a top choice in our QA team."""
QA Tester,5,"""I'm blown away by Jira's scalability and customization options. It's saved my team thousands in resources with its intuitive and user-friendly interface."""
Project Manager,4,"""Jira has been a game-changer for our team; streamlined workflows, robust reporting, and seamless collaboration with a stable, scalable platform."""
Scrum Master,4,"I use Jira for issue tracking, but its complexity, customer support, and stakeholder engagement issues hinder its overall effectiveness in my Scrum teams. 4/5 stars."
UI/UX Developer,2,"""Jira's flexibility is great, but limited collaboration features, and sometimes, too many 'false positives' in the data analysis make it feel less than perfect. 2/5 stars."""
QA Tester,1,"""Overwhelming complexity, lack of clear workflows, and poor integration with other tools make Jira a frustrating and time-consuming tool to use."""
UI/UX Developer,3,"I'll use a 3-star review for demonstration. Here's a possible review:

""Jira is functional, but overly complex, and often struggles with scalability. Too many features and overwhelming user interface. Only a 3-star for its potential but lacks polish."""
QA Tester,4,"""I've used Jira extensively, but its steep learning curve and overwhelming feature set make it challenging to effectively utilize its capabilities."" (4/5 stars)"
Senior Developer,2,"""I found Jira to be a robust tool, but also overly complex and inflexible, with features that didn't quite live up to my project's needs."" 2/5"
Software Engineer,3,"""I've used Jira extensively, but its feature set and integrations sometimes feel limited, and customer support could be more responsive."""
Senior Developer,4,"""A solid, if not revolutionary, tool for team collaboration, Jira integrates well, but occasional customization and integration issues keep it from being truly exceptional."""
Project Manager,4,"""Jira is a robust tool for our team, but its integration with our project management tool and user adoption could improve."""
Project Manager,4,"I'm satisfied with Jira for its flexibility and robust features, but sometimes integration can be a pain, and sometimes fixes take too long to roll out."
UI/UX Developer,1,"""I'm extremely dissatisfied with Jira's steep learning curve, poor customer support, and lack of streamlined workflows, making it a frustrating tool for my team."""
UI/UX Developer,4,"""Jira is a powerful tool, but I've found it can be a bit too steep for small teams. The learning curve is significant, but once mastered, it's a reliable companion."""
Project Manager,3,"""I've had mixed experiences with Jira, its integration with other tools and customization options are useful, but sometimes too complex and expensive for small projects."""
Senior Developer,5,"""I've been with Jira for years, and the seamless integration with our DevOps pipeline, agile workflows, and robust reporting capabilities have made it a time-tested, reliable, and intuitive project management tool."""
Senior Developer,5,"""Jira is a game-changer for our development team. Its flexibility, scalability, and seamless integration with other tools make it a indispensable part of our workflow."""
UI/UX Developer,3,"I'll provide a 3-star review, but I must note that it's a bit more realistic:

""Admittedly, Jira's drag-and-drop interface and endless customization options make it a beast of a tool, but its steep learning curve and limited integrations hold it back in some cases."""
UI/UX Developer,2,"""I was impressed with Jira's flexibility, but its steep learning curve and poor onboarding made it overwhelming for a beginner developer."""
Scrum Master,3,"""I've found Jira to be a solid tool, but its steep learning curve and cost have limited its adoption across teams, making it a mediocre 3-star experience."""
UI/UX Developer,1,"""Overcomplicated features, poor integration with other tools, and a steep learning curve make Jira a frustrating tool for many users."""
Scrum Master,1,"I'm extremely dissatisfied with Jira, having struggled with integration issues, and unhelpful customer support, it's time for a re-evaluation."
Senior Developer,5,"""I've implemented Jira for my team and it's been a game-changer - seamless integration, robust functionality, and exceptional support have made it a top choice for my project management needs."""
QA Tester,5,"""I've been using Jira for years. It's an essential tool for my team, providing robust project management capabilities and 5-star support."""
Senior Developer,5,"""Jira is a game-changer for our team! Agile workflows, customizable dashboards, and seamless integration with our CI/CD pipeline make it an incredible tool to drive software development excellence."""
Senior Developer,2,"""I use Jira as a tool, but its steep learning curve and bloated interface make it a frustrating experience for developers. 2/5."""
Senior Developer,5,"""I'm thoroughly impressed with Jira - its flexibility, scalability, and integrations make it an indispensable tool for our development team's projects."""
Senior Developer,2,"""I appreciate Jira's flexibility, but its steep learning curve for non-technical users and lack of integration with other tools leave me underwhelmed."""
Software Engineer,2,"""Jira is functional but lacks robust reporting and customization options, making it difficult to implement meaningful insights for my team."""
QA Tester,1,"""Jira is a bloated, feature-obsessed nightmare. Many features are missing essential UI elements, making it an overhyped, buggy tool. Unreliable."""
Project Manager,3,"""Jira is a solid tool, but its steep learning curve and limited customization options hinder its potential for maximum project success."""
Software Engineer,4,I love Jira's flexibility and customization options. Its robust reporting and integration capabilities make it a reliable tool for my team's dev teams.
Scrum Master,3,"I appreciate Jira's robust reporting features, but its cumbersome workflows can hinder team collaboration and scaling."
Scrum Master,5,"""I've found Jira to be a reliable, feature-rich, and user-friendly tool that seamlessly integrates with Scrum workflows, making our team's project management a breeze."""
Scrum Master,3,"""I like Jira, but its overwhelming complexity and endless queues of requests make it hard to prioritize and focus on delivery. 3/5 stars."""
Project Manager,4,"I use Jira for project management, but its steep learning curve and restrictive reporting views are significant drawbacks. 3/5 stars."
Software Engineer,5,"""I use Jira for all my development tasks and it's been a game-changer for collaboration, scalability, and product tracking - 5/5 stars!"""
UI/UX Developer,5,"""I've been using Jira for years, and its robust features and seamless integration with other Atlassian tools have revolutionized my workflow, saving me countless hours."""
Senior Developer,3,"""I've seen improvements, but Jira's cumbersome interface and 'Gantt Chart' feature are still frustrating and overkill for simple task management tasks."""
Scrum Master,5,"""I've had Jira for 3 years now, and it's an absolute game-changer for teams. Scalable and user-friendly, seamless integration with Scrum tools, a true MVP - 5 stars!"""
Scrum Master,1,"""Jira's UI is cluttered, features are limited, and customization options are non-existent, forcing team members to use outdated tools."""
Senior Developer,2,"""Jira is a solid tool, but its steep learning curve and feature bloat make it a chore to use, and not the most user-friendly experience."""
Software Engineer,2,"I'm disappointed with Jira's steep learning curve and inadequate user interface, making it less suitable for small teams and those who prefer a more intuitive project management tool."
Software Engineer,1,"I've tried Jira, but its steep learning curve and bloated UI have made it too complex for my taste, resulting in wasted time and frustration."
UI/UX Developer,5,"""I've seen Jira revolutionize project management, streamlining workflows, and enhancing collaboration – a game-changer for any team."""
Scrum Master,4,"I like Jira for its flexibility and real-time reporting, but its 2-week custom field deadline is too restrictive, creating unrealistic expectations for agile teams."
Software Engineer,2,"""Jira's robust features and customization options make it a great tool for complex projects, but its overwhelming UI and steep learning curve hold it back from perfect."""
Software Engineer,1,"""Jira is a bloated, feature-rich, and overly complicated tool that suffocates my development team's productivity. Over-engineering is its downfall."""
Software Engineer,2,"""I've mixed feelings about Jira, its feature richness outweighs its cluttered interface and occasionally crashes, making it an inconsistent work environment."""
QA Tester,2,"""I'm underwhelmed by Jira's robust features, but overly complicated interface and extensive integrations make it overwhelming for some users."" (2 stars)"
Software Engineer,4,"""I used Jira for 3 years, its robust features and agile workflow helped our team ship 2 successful releases, but occasional UI glitches and scalability issues marred my experience."""
Project Manager,1,"""I've tried Jira, but its steep learning curve and bloated feature set deter me from using it effectively in my daily project management tasks."""
QA Tester,1,"""Jira's steep learning curve, poor reporting, and unresponsive support make it a frustrating tool to use for a team."""
UI/UX Developer,5,"""I love Jira's flexibility and capabilities. It's an incredibly powerful tool that has streamlined my development workflow and reduced project stress. 5 stars!"""
Senior Developer,4,"""I'm a Senior Developer, Jira is a solid tool for our team. While not perfect, it balances features and ease of use, making it a reliable choice for our agile development projects."""
QA Tester,1,"""Jira's overwhelming interface and lack of collaboration features have severely impacted my testing efficiency, making it a frustrating tool to use. 1/5"""
Scrum Master,2,"I've found Jira to be decent for project management, but integration issues with other tools and onboarding process could be improved upon. 2/5 stars."
Scrum Master,1,"""I was underwhelmed by Jira's limited customization options, poor integrations, and frustrating deprecation announcement."""
QA Tester,5,"""I've used various Jira implementations, but this one consistently delivers great performance, robust reporting, and seamless integrations, making it a top choice for our QA testing needs."""
UI/UX Developer,1,"""Jira's steep learning curve and resource-intensive nature have made it nearly unusable for me, especially for non-technical users."""
Senior Developer,1,"""Jira's steep learning curve and poor integration with other tools make it a frustrating development experience, especially for small teams."""
Scrum Master,3,"""I appreciate Jira for its flexibility, but its steep learning curve and excessive customization options make it feel overwhelming, limiting its adoption potential."""
Software Engineer,4,"""Jira is a solid, but sometimes overwhelming, project management tool. It's a great fit for larger teams, but can be steep for smaller ones."""
QA Tester,2,"""I'm extremely dissatisfied with Jira's lack of customizability and user-friendly interface, making it hard to effectively use as a QA Tester."""
UI/UX Developer,5,"""I've seen Jira's improvements, and it's streamlined our workflow, reduced errors, and enhanced collaboration – making Jira a solid 5-star pick for any team."""
Software Engineer,2,"""Jira is great for large teams, but lacks user-friendly interface and lacks robust integrations, resulting in a mediocre overall experience for individual developers."""
Software Engineer,3,"""I'd say Jira is a solid tool, but the steep learning curve and occasional UI glitches take it from 4 to 3 stars for me."""
UI/UX Developer,2,"""Overall, Jira is a solid tool for managing projects, but its steep learning curve and lack of beginner-friendly features hold it back from being a truly exceptional tool."""
Senior Developer,5,"""I've relied on Jira to manage our largest project, and while it excels in organization and customization, occasional integrations and user issues hinder its overall performance."""
Project Manager,1,"""I'm extremely disappointed with Jira's steep learning curve, poor integration with other tools, and lack of native reporting features that make it difficult to track progress."""
Project Manager,4,"""I appreciate Jira's robust features, but its learning curve and integration issues hold it back from perfection, making it a solid 4-star project tool."""
Scrum Master,3,"I've found Jira to be an acceptable tool but its UI can be overwhelming, and customer support is inconsistent, with some issues being resolved quickly and others taking much longer."
Software Engineer,4,"""I use Jira for project management, but its steep learning curve and lack of real-time collaboration have limited its adoption in our team."" 4/5 stars."
UI/UX Developer,2,"""I've mixed feelings about Jira, as it excels in team collaboration but sometimes feels overwhelming with too many customization options and dated roadmap."""
QA Tester,4,"I'm a 4-star Jira user. It has many features, but sometimes it's overwhelming and lacks clear user management."
Project Manager,3,"""As a Project Manager, Jira is a solid tool, but its steep learning curve and lack of real-time collaboration hinder its full potential."""
Scrum Master,3,"""I appreciate Jira's flexibility, but its steep learning curve and numerous plugin options hinder its adoption in our team's agile workflow."""
Project Manager,1,"""I wish I could love Jira, but their steep learning curve, poor customer support, and lack of integration with other project management tools make it a frustrating experience."""
QA Tester,3,"I like Jira's integration with other tools, but its user interface can be clunky, and some features feel like they could be streamlined for a smoother user experience."
QA Tester,3,"""I like Jira, but sometimes it's slow and resource-intensive, limiting my ability to fully utilize its features, especially for large projects."""
Senior Developer,2,"I'm extremely dissatisfied with Jira's outdated interface and lack of real-time collaboration features, which hinder team productivity."
Project Manager,4,"""I've had a good experience with Jira, but some bulk operations can be resource-intensive, and occasional crashes have left me slightly frustrated, but overall a solid tool."""
Project Manager,3,"""I've found Jira to be a solid tool, but its steep learning curve and limited customization options hold it back from being a top-tier project management platform."""
Senior Developer,1,"""Jira's feature creep and bloated database have led to project delays, lost productivity, and significant user frustration – 1 star for what could be."""
Software Engineer,5,"""I've found Jira an indispensable tool for my team, providing flexibility, customization, and seamless integration with our project management processes, saving us time and effort."""
Scrum Master,3,"""I've found Jira to be a decent tool for agile teams, but its steep learning curve and limited customizability hold it back from being a top-tier Scrum Master resource."""
Scrum Master,2,"""I love Jira, but its overly complex interface and extensive customization options make it difficult to find reliable workflows in a chaotic landscape."" 2/5 stars"
Project Manager,3,"""While Jira is a solid tool, its steep learning curve and frequent updates limit its adoption, making it less than ideal for small teams or frequent changes."""
Project Manager,5,"""I've successfully run multiple large-scale Jira projects with ease, delivering on time and within budget. Truly a valuable tool for any project manager."""
Scrum Master,4,"I appreciate Jira's flexibility, but its integrations can be inconsistent, and some users experience performance issues, which can hinder team efficiency. 4/5."
Scrum Master,4,"""I'm impressed with Jira, but sometimes the reporting and dashboards feel dated. Nice integration with our Agile workflow, but some users report occasional aggregation issues."""
Project Manager,4,"""I appreciate Jira's robust project management features, but its steep learning curve and integration complexities have hindered my team's adoption."""
UI/UX Developer,5,"""I've been a Jira user for years, and it's genuinely been a game-changer for my team, streamlining our processes and reducing project roadblocks significantly."""
UI/UX Developer,1,"""Jira's steep learning curve and lack of collaboration features make it a frustrating tool for cross-functional teams, at best."""
UI/UX Developer,2,"""Jira is functional, but too much overhead for simple tasks. Its integration with other tools is robust, but customization and support can be frustrating."""
Senior Developer,5,"""I've been using Jira for years, and it's an indispensable tool for agile teams. Seamless integration, customizable workflows, and incredible support have made it an indispensable part of my development process."""
QA Tester,5,"""I've found Jira to be incredibly intuitive and user-friendly, streamlining our testing process while providing robust reporting capabilities."""
UI/UX Developer,4,"""I appreciate Jira's robust reporting features, but I feel like it overcompensates with too many unnecessary project-specific dashboards, making it harder to focus on overall project goals."""
Software Engineer,2,"I like Jira's flexibility but finding it overwhelming, user interface could be cleaner and more intuitive for non-technical users."
Scrum Master,3,"""I like Jira, but sometimes it feels like I'm managing my backlog manually after using Agile tools. Still, it's a solid choice for teams with complex projects."""
UI/UX Developer,5,"""I've been using Jira for years, and it's been a game-changer for our team. Its scalability, collaboration features, and customizability make it an ideal tool for any medium-sized organization."""
Project Manager,2,"I've used Jira for multiple projects - its interface is user-friendly, but some features can be overwhelming, and customer support is decent but not always responsive."
QA Tester,3,"""I've used Jira for project management, but its steep learning curve and limited collaboration features make it less than ideal for my team."""
QA Tester,3,"""I enjoy Jira, but tasks can clutter my board and some integrations can be finicky, resulting in frustration, making it a 3-star experience."""
Project Manager,5,"Jira's robust reporting and workflow capabilities enable seamless project management, but its steep learning curve and occasional connectivity issues prevent it from being a flawless 5-star tool."
Senior Developer,1,"""I've been using Jira for years, but its steep learning curve, poor customer support, and bloated features have made it a frustrating experience for its paying customers."""
Senior Developer,2,"""I appreciate Jira's flexibility, but its steep learning curve and integration issues often hinder productivity, resulting in subpar overall experience for some users."""
Software Engineer,2,"""I love Jira, but its steep learning curve and frequent data loss issues make it a slow-going tool for my team. 2/5"""
Software Engineer,4,"""I've been using Jira for 5 years, its features are solid, but the learning curve and integration issues often overshadow its benefits, 4/5 stars."""
Software Engineer,5,"""I've struggled with Jira's steep learning curve, but once mastered, it's an incredibly powerful tool that streamlines our agile development process."""
QA Tester,4,"""I appreciate Jira's robust reporting and customization options, but its UI can be cluttered and user-friendly at times, resulting in some frustrating experience."""
UI/UX Developer,2,"""I've mixed feelings about Jira. It's a great tool but sometimes overwhelming features overwhelm me, leading to frustration and difficulty in getting work done."" (2/5 stars)"
UI/UX Developer,1,"""Jira is bloated, hard to customize, and lacks seamless integrations. Overpriced and underwhelming user experience, it's a true UI/UX developer's nightmare."""
Scrum Master,2,"""Overall, Jira is a solid Agile tool, but its steep learning curve and frequent outages have me questioning its worth as a Scrum Master."""
Software Engineer,4,"""I'm satisfied with Jira, but its steep learning curve and lengthy setup make it difficult for developers to onboard and maintain projects seamlessly."""
Senior Developer,4,"""I've been using Jira for 5+ years, and its flexibility has helped me streamline our development process, but customer support could be more responsive and feature-rich."""
Software Engineer,3,"""As a software engineer, Jira is a solid tool, meeting most of my project needs, but sometimes its UI can be overwhelming and some features are not always up-to-date."""
UI/UX Developer,4,"""I'm satisfied with Jira, but occasional integrations with other tools hinder its full potential – not perfect but a solid choice for many teams."""
Software Engineer,3,"""Jira is a decent tool, but its steep learning curve and lack of real-time collaboration might hinder my productivity in certain projects."""
Project Manager,4,"""I've found Jira to be a solid tool, offering robust features and decent integrations, but sometimes overwhelming for smaller teams with limited customization options."""
Scrum Master,5,"I've found Jira to be a reliable tool for Scrum teams, simplifying workflow and providing robust reporting features. 5/5 stars."
QA Tester,3,"""Jira is solid, but lacks user-friendly interface and integration with other tools, making it a 3-star experience for me."""
Senior Developer,3,"""Jira is functional, but outdated and often requires tweaking to meet our project's specific needs, which can be frustrating."""
Senior Developer,4,"""I've struggled with Jira's steep learning curve and resource-intensive setup, but its robust features have made it an asset for our team as a powerful project management tool."""
UI/UX Developer,4,"""Jira is great for team productivity, but occasional custom fields and integrations can slow down development and customer support.""

4/5 stars."
Software Engineer,4,"""I'm fairly satisfied with Jira, but its steep learning curve, inconsistent reporting, and occasional technical issues have led to frustration and occasional projects delayed. 3.5/5."""
Senior Developer,1,"""Overhyped and expensive, Jira's customizable dashboards and agile features make it too overwhelming for complex projects, limiting real-time collaboration."""
Project Manager,4,"""I've been finding Jira to be a solid tool, but it's not without its quirks – seamless integration with other tools is a major plus."""
Senior Developer,5,"""I've seen Jira exceed my expectations - its flexibility, customization, and integration capabilities have made it an indispensable tool in my software development team."""
Project Manager,3,"""Jira is a solid project management tool, but its integrations with other tools and features can be overwhelming, requiring additional setup and learning."""
Software Engineer,2,"""I've had mixed experiences with Jira, using it for project management and issue tracking, but its performance often falters, leading to frustration."""
Project Manager,1,"""Overcomplicated and high maintenance, Jira's steep learning curve and bloated feature set ruin an otherwise solid project management tool. 1/5."""
UI/UX Developer,2,"""Jira is a functional tool, but its steep learning curve and lack of advanced customization options hinder its usability for most teams."""
Project Manager,3,"""I find Jira to be a solid project management tool, but its steep learning curve and limited customization options hold it back from becoming a truly exceptional project management platform."""
QA Tester,3,"""I've used Jira for [project]. Good for teams, but usability can be overwhelming at first, leading to frustration and slower issue resolution."""
Scrum Master,4,"""I appreciate Jira's flexibility and integration capabilities, but its steep learning curve and occasional bugs hinder its adoption and use for my Scrum teams."""
Senior Developer,1,"""Overhyped and cluttered Jira, prioritization system is broken, and UI is outdated - functionality suffers from poor design and unnecessary feature sprawl. 1/5 stars."""
UI/UX Developer,3,"""I'm glad Jira has improved, but its steep learning curve and high upfront costs make it less accessible to smaller teams, limiting its potential."""
Software Engineer,3,"I like Jira's flexibility and customization options, but the user interface can be cluttered and the workflow issues sometimes hinder productivity."
Scrum Master,1,"""I've tried Jira, but its bloated UI, poor reporting, and lack of robust customer support make it a frustrating Scrum tool to use daily."""
UI/UX Developer,4,"""Jira is a solid tool for teams. It streamlines workflows, but customization can be limited. Still, a reliable choice for agile project management."""
Project Manager,2,"""While Jira has its strengths, its steep learning curve, lack of collaboration features, and occasional bugs hinder its full potential as a project management tool."""
Software Engineer,5,"I give Jira a 5-star rating for its powerful workflow, seamless integration with other tools, and reliability in managing complex, distributed development teams."
Project Manager,1,"""Overhyped and expensive, Jira is a bloated, complex tool that often falls short of its promises, causing unnecessary stress for teams and developers."""
Software Engineer,2,"""I was underwhelmed by Jira's feature set and user interface, which didn't make it easy to track and manage our development projects."""
Scrum Master,2,"""Jira is functional but lacks integration with other Agile tools and is inflexible, making it difficult to adapt to changing project requirements."""
Project Manager,3,"""Jira's robust reporting features and agile workflows are valuable tools, but integration with our custom system and occasional bugs hold it back from perfection."""
Project Manager,5,"I've successfully integrated Jira with our project lifecycle, streamlining workflows and tracking progress. 4.9/5 stars."
QA Tester,1,"""1-star for Jira - too much overhead, cluttered interface, and inconsistent workflow tracking, making it difficult to identify and resolve issues effectively."""
QA Tester,4,"""I'm generally satisfied with Jira, but occasionally, it can be slow and not as user-friendly as I'd like, resulting in some frustration."""
Scrum Master,4,"""Jira is a robust tool, but its steep learning curve and lack of user-friendly interface often hinder our team's effective collaboration and workflow."""
UI/UX Developer,2,"""My experience with Jira has been mediocre; too many customization options, but integration with other tools leaves much to be desired. 2/5 stars."""
QA Tester,1,"""Jira is a bloated, feature-rich tool that fails to deliver on user experience and integrates poorly with other tools."""
Senior Developer,5,"""I've spent years searching for Jira's magic, and it delivers – streamlined workflow, seamless collaboration, and end-to-end automation capabilities that have revolutionized our development process."""
QA Tester,1,"""One-star for Jira's poor reporting, dashboards, and user interface, making it difficult to effectively collaborate and track project progress."""
Project Manager,5,"""I've successfully implemented Jira, streamlining workflows and meeting project deadlines - a 5-star experience, with few minor quirks."""
Project Manager,2,"I've found Jira to be a decent tool, but its steep learning curve and frequent updates have made it feel more like a chore than a collaborative project management platform."
Scrum Master,4,"""I've found Jira to be a solid tool for Scrum teams, but its steep learning curve and occasional bugs limit its adaptability for complex projects."""
Senior Developer,5,"""I've been using Jira for years and it has become an indispensable tool for my team, streamlining workflows and improving collaboration with features that matter."""
UI/UX Developer,3,"""I've had mixed experiences with Jira, its flexibility is great, but custom integrations and collaboration issues during a large team project were frustrating."""
QA Tester,4,"""I'm pleased with Jira's flexibility and feature set, but some integration with other tools is lacking and the UI could be improved."""
Scrum Master,4,"""I'm generally satisfied with Jira, but sometimes the UI can be overwhelming, and the reporting features can be finicky – 4 stars."""
Software Engineer,5,"I'm thoroughly satisfied with Jira – it's seamlessly integrated with our development workflow, and its customization options make it truly a powerhouse of agile project management."
Scrum Master,5,"""I'm thoroughly impressed with Jira – user-friendly interface, robust reporting features, and seamless integration with Agile workflows make it an essential tool for our Scrum teams."""
Senior Developer,1,"""Underwhelming experience with Jira - too many unnecessary features, slow performance, and a steep learning curve that discourages new users."""
Scrum Master,5,"""I highly recommend Jira: flexible and customizable, yet sometimes overwhelming, it's a great tool for Scrum teams, but requires careful setup and maintenance."""
Software Engineer,3,"""Jira's robust features, customization options, and frequent updates make it a solid tool for agile teams, but occasional integrations and user experience tweaks would elevate it to a 5-star."""
QA Tester,3,"""Jira is a mediocre tool, good for small teams but lacks features and integrations that make it a chore to use and maintain for larger organizations."""
QA Tester,2,"I'm underwhelmed by Jira's functionality, poor UI, and high learning curve, but it gets the job done – 2/5 stars."
UI/UX Developer,1,"""Jira's steep learning curve and overwhelming feature set make it difficult to find the time to use effectively, leading to frustration and wasted development time."""
Project Manager,3,"""I'm satisfied with Jira's features, but its user interface and integration with other tools often cause frustrating integration issues, making it a 3-star project management tool for me."""
UI/UX Developer,5,"""I've been using Jira for years, and it's consistently met my needs - intuitive interface, scalable, and reliable, making it an indispensable tool in my development process."""
UI/UX Developer,2,"I've struggled to implement Jira's reporting and analytics features, resulting in unnecessary custom work and frustration."
Scrum Master,3,"I use Jira for team collaboration but sometimes the UI feels outdated, and features can be slow to implement, which hinders my Scrum Master role and productivity. 3/5 stars."
Scrum Master,3,"""I appreciate Jira's flexibility and customization options but often struggle with integrations and UI experience in some of the beta releases."""
UI/UX Developer,4,"""My experience with Jira is solid, offering robust features, but sometimes cumbersome workflows and customization options take a toll on productivity."""
UI/UX Developer,3,"""I appreciate Jira's robust feature set, but its steep learning curve and occasional bugs detract from its overall usability, resulting in a 3-star experience."""
QA Tester,5,"""I've been using Jira for 5 years, and its flexibility, reporting, and issue tracking capabilities have saved my team significant time and reduced errors."""
UI/UX Developer,1,"""I've tried multiple Jira alternatives, but Jira's steep learning curve and lackluster customization options left me underwhelmed. 1/5 stars."""
Senior Developer,5,"""I've struggled with Jira, but its robust features, customization options, and scalability make it an indispensable tool for my team's success – 5 stars."""
UI/UX Developer,4,"""I appreciate Jira for its robust feature set, but its steep learning curve and occasionally clunky reporting capabilities hold it back from surpassing its competitors."""
Project Manager,4,"""I've found Jira to be a solid tool, but some workflows can be overly complex, and the user interface could be more streamlined for seamless project management."""
UI/UX Developer,1,"""Jira is overhyped and underutilized, overly complex, and inflexible, resulting in wasted project time for me as a UI/UX Developer."""
Software Engineer,3,"I use Jira for project management; it's a solid tool, but its features and steep learning curve make it a decent but not outstanding choice for most teams."
UI/UX Developer,3,"I like Jira, but its steep learning curve and sometimes limited collaboration features hold it back from being the top choice for my team. 3/5 stars."
Project Manager,1,"""Overhyped and inflexible tool for complex projects, Jira's 'streamlined' workflows clash with my team's adaptability and need for customization."""
UI/UX Developer,4,"""I've used Jira for over a decade, finding it a reliable tool for managing projects, but occasional performance issues and steep learning curve hold it back from perfection."""
QA Tester,1,"""I'm extremely disappointed with Jira, its cumbersome interface and bloated feature set make it unmanageable for me."""
QA Tester,5,"""I've used Jira extensively, and it's seamless. Customization is robust, and its integration with other tools is seamless. 5/5 stars and highly recommended."""
Senior Developer,2,"I'm extremely disappointed with Jira's steep learning curve and overly restrictive features, which hindered our team's productivity and adoption."
Project Manager,5,"I've been using Jira as my project management tool for years, and it's been a game-changer - seamless integrations and flexible workflows have greatly improved my team's productivity."
Project Manager,3,"""I've used Jira for several projects. While it has its strengths, I've encountered user interface issues and occasional performance delays. 3/5 stars."""
Project Manager,3,"""I've used Jira for team projects, but its steep learning curve, customization options, and frequent integrations with other tools keep it a decent choice for projects, but not always a perfect fit."""
Scrum Master,5,"I'm thoroughly impressed with Jira - seamless integration, robust reporting, and flexible customization, making it an indispensable tool in my Scrum Master role."
Scrum Master,1,"""Jira's overwhelming complexity and frequent updates have made it difficult to execute scrum master duties effectively, with user support that often falls short of expectations."""
Software Engineer,5,"""Jira has exceeded our expectations - flexible, scalable, and user-friendly, making it an indispensable tool for our agile development teams."""
QA Tester,1,"""Jira's complexity and steep learning curve make it a frustrating tool for most teams, and its reporting features can be unreliable."""
QA Tester,4,"""I've found Jira to be a solid tool, but its steep learning curve and occasional integration issues have held it back from being a true game-changer for my team."""
Senior Developer,3,"""While Jira offers robust features, its steep learning curve and sometimes bloated interface hinder user adoption, resulting in a 3-star experience overall."""
UI/UX Developer,3,"""Jira's core features work well, but integration with other tools and customer support can be inconsistent, and some users find it too steep in learning curve."""
QA Tester,3,"""I'm underwhelmed by Jira's features and flexibility, especially for smaller projects. Too many bells and whistles, but lack of polish."""
Software Engineer,4,"""Jira is a powerful tool, but its steep learning curve and high upfront costs limit its adoption, making it a 4-star experience for some."""
Scrum Master,4,"""I've used Jira for multiple projects. While it has its strengths, I often feel overwhelmed by the amount of data and tedious task configuration, leading to burnout."" (4/5)"
Senior Developer,5,"""Jira has exceeded my expectations - ease of use, flexibility, and robust features make it an indispensable tool for agile teams, a true 5-star gem!"""
QA Tester,2,"""Jira's flexibility is good, but its overwhelming feature set and steep learning curve make it challenging to master, resulting in frustration for some users."""
UI/UX Developer,3,"""I've used Jira for various projects. It's reliable, but its steep learning curve and complex workflows can make it overwhelming for beginners and teams with limited experience."""
Software Engineer,4,"""Jira is a robust tool, but its steep learning curve and occasionally clunky interface make it less than ideal for some teams."""
Senior Developer,1,"""Overhyped and cluttered, Jira's complex features and steep learning curve make it a frustrating project management tool for many."""
Software Engineer,4,"""Jira is a solid, feature-rich tool, but our experience has been inconsistent, with occasional bugs and steep learning curve, but still a reliable choice for most teams."""
QA Tester,2,"""I've tried Jira, but it's too complex, overwhelming, and not user-friendly for small teams, making it difficult to navigate and use effectively."""
Project Manager,2,"""Jira is functional, but lacks features I need for complex projects. Too many security and integrations are overwhelming."""
Project Manager,5,"""Jira has been a game-changer for our project, providing seamless collaboration, effective task management, and robust reporting features that help us deliver high-quality projects."""
Scrum Master,4,"""I've found Jira to be a solid tool, but sometimes navigation can be frustrating, and customization options are limited, holding it back from being a 5-star experience."""
QA Tester,2,"""Jira is functional but overly complex, making it challenging to prioritize and track issues efficiently, resulting in missed deadlines."""
Software Engineer,1,"""I was underwhelmed by Jira's steep learning curve, poor user interface, and lack of features for small teams - 1/5."""
Project Manager,1,"""Unnecessary complexity and steep learning curve, Jira often struggles to meet project requirements, resulting in frustrating project timelines."""
Scrum Master,1,"""Jira's overkill complexity stifles simplicity, slow migration, and lacks robust reporting features, making it unsuitable for most teams."""
UI/UX Developer,4,"""I've found Jira to be a solid tool, but it's not perfect - some integrations and features could be more seamless, but overall, a reliable platform for complex project management."""
Scrum Master,2,"""I've experienced mixed results with Jira, as a Scrum Master, it's not the core tool, but its integrations and dashboards provide some useful context."""
UI/UX Developer,1,"""Jira's steep learning curve and frequent out-of-the-box feature requests make it impractical for non-technical teams, sometimes hindering productivity."""
Project Manager,5,"""Jira's robust features, seamless integration, and user-friendly interface make it an ideal choice for our team, perfect for managing our projects with ease."""
QA Tester,3,"""I like Jira for its flexibility, but find it takes too long to resolve issues, frustrating some users who prefer faster project management options."""
Software Engineer,1,"""I've struggled with Jira's steep learning curve, poor customer support, and unnecessarily steep licensing fees, making it a toxic work environment for me."""
UI/UX Developer,2,"""I've mixed feelings about Jira. It's a solid tool, but steep learning curve and limited flexibility in project management aspects hold it back from being a top-notch choice."""
UI/UX Developer,5,"""Jira's robust reporting features, AI-powered suggestions, and collaborative writing tools make it a top-notch tool for UI/UX developers, 5/5 stars!"""
UI/UX Developer,2,"""Jira's UI can be overwhelming, and its help resources could be more thorough. However, its features are robust, making it a solid choice for complex projects."""
Senior Developer,3,"""Jira is a solid tool, but its steep learning curve and lack of customization options hinder its performance for small teams and startups."""
Software Engineer,1,I'm thoroughly underwhelmed by Jira. Its overwhelming features and steep learning curve make it difficult to use for even the simplest projects.
QA Tester,2,"""I've used Jira for several projects, but customer support is slow, and the UI is cluttered, making it difficult to find features and tracking my progress."""
Project Manager,3,"I'm satisfied with Jira but struggle with reporting and customizations, limiting its full potential."
Software Engineer,5,"I'm thoroughly impressed with Jira - seamless integration, effortless workflows, and seamless collaboration across teams; a game-changer for software development."
QA Tester,2,"""I appreciate Jira's robust feature set, but its steep learning curve, cluttered interface, and frequent bugs make it a frustrating experience."""
Scrum Master,3,"I give Jira 3 stars. While it greatly improves our workflow, its steep learning curve and frequent integrations hold me back from truly being a Scrum Master."
Senior Developer,1,"""Jira's feature creep, lack of real-time collaboration, and unforgiving user interface have left our team frustrated and annoyed, only 1 star."""
UI/UX Developer,1,"""Overhyped for my team, Jira's steep learning curve and lack of customizability make it unnecessary for our simple, agile environment."""
QA Tester,2,"""I've used Jira for 6 months, but its steep learning curve and frequent updates have left me feeling frustrated."""
Software Engineer,4,"""I appreciate Jira's robust features, but occasionally its UI could be more intuitive, limiting my performance and creativity in some cases, 4 stars."""
Senior Developer,2,"""While Jira is a powerful tool, I've experienced frustration with its steep learning curve and limited customization options for complex workflows."""
Scrum Master,4,"""Jira's flexibility is a mixed bag. It's a robust tool, but sometimes overly complex, causing more stress than calm workflows."""
Scrum Master,2,"""I've found Jira to be efficient, but sometimes tasks are not assigned correctly, leading to delayed progress. A better user interface would make this Scrum tool more user-friendly."""
Project Manager,4,"""I've found Jira to be a solid tool for project management, but workflows can be complex and customization options limited."""
QA Tester,4,"""I've used Jira for several teams, and while it's powerful, the steep learning curve and customization options can be overwhelming for beginners."""
QA Tester,2,"I'm generally satisfied with Jira, but its steep learning curve and extensive customization options often outweigh its benefits for some users."
Software Engineer,1,"""Jira is overly complicated, resource-intensive, and inflexible, hindering my team's workflow and productivity by far."""
Senior Developer,4,"""I primarily use Jira for project management, and while it's a solid tool, its steep learning curve and steep customization costs keep it from being my go-to platform."""
QA Tester,1,"""Overhyped for what Jira promises. Lackluster features, steep learning curve, and customer support issues more than make up for its flaws in user experience and core functionality."""
Software Engineer,3,"I'll rate Jira 3/5. It's solid for large teams, but integration and UI clutter hinder my overall experience, making it less ideal for smaller projects."
Senior Developer,5,"5/5 stars - Devoted Jira user, love its flexibility and robust features, streamlining my workflow and greatly increasing productivity as a senior developer."
UI/UX Developer,4,"""Jira's robust features and scalability impressed me, but occasional login issues and extensive configuration required effort to set up."""
Scrum Master,5,"""I'm thoroughly impressed with Jira, streamlining team workflow, automating processes, and providing a scalable solution that meets our evolving needs."""
QA Tester,1,"""I've been stuck in Jira's endless loops of 'import failed' and 'version 2.0 is not compatible' for months, wasting my QA tester's time."""
Software Engineer,5,"""Jira's robust features, intuitive interface, and seamless integrations with other tools make it an invaluable asset for my team, elevating our project management capabilities significantly."""
QA Tester,4,"""I appreciate Jira's robust features, but sometimes user interface can be overwhelming, requiring additional training to effectively utilize its strengths and capabilities."""
UI/UX Developer,3,"""I'm a fan of Jira, but its steep learning curve and overwhelming feature set often outweigh its functionality, making it a decent tool for small teams."""
Project Manager,3,"""Honestly, Jira's flexibility and customization capabilities are impressive, but its steep learning curve and occasional bugs hold it back from being a truly top-notch project management tool."""
Software Engineer,5,"""Unmatched Jira support, intuitive interface, and robust feature set make it an invaluable tool for my software engineering team, consistently delivering high-quality results."""
Scrum Master,4,"""I've found Jira to be a robust tool, but sometimes the integration with other Scrum tools feels like a jarring fit, leading to some friction in our team's workflow."""
Senior Developer,2,"""I've struggled to find Jira's robust reporting capabilities and processes, making it less than ideal for my team's workflow."""
QA Tester,3,"""Jira is a solid work tool, but lacks seamless integration with other tools and has steep learning curve, making it suitable for larger teams with a lot of customization needs."""
Scrum Master,4,"""Jira is a solid tool for teams, but its steep learning curve and limited integrations hold it back from being a true Scrum Master's favorite."""
Project Manager,4,"""I'm generally satisfied with Jira, but workflows can be convoluted and customization is limited, making it less ideal for large, complex projects."""
Project Manager,1,"""Underwhelming experience with Jira. Custom integrations are expensive, and the learning curve is steep. Not ideal for complex projects."""
Software Engineer,4,"""Jira is a powerful tool, but my experience with it has been inconsistent, and sometimes the integration with other tools can be frustrating."""
Senior Developer,1,I'm extremely disappointed in Jira. Too many custom integrations and customization options can lead to unnecessary complexity and wasted time for development teams.
Scrum Master,4,"""I've seen some strengths with Jira, but its steep learning curve, customization challenges, and integration issues with other tools put it at a 4-star, not a 5-star rating."""
Software Engineer,1,"""Jira is overhyped. Too much complexity, poor integrations, and excessive overhead for a project management tool I won't use or recommend."""
Scrum Master,4,"I use Jira for Agile projects, but sometimes its heavy feature set makes it overwhelming and takes away from the Scrum Master's agility. 4/5 stars."
Scrum Master,5,"""I've successfully utilized Jira to streamline our Agile workflows, allowing for efficient team collaboration and timely project delivery in this 5-star review experience."""
Scrum Master,5,"""I'm thoroughly impressed with Jira's flexibility, collaboration features, and automated workflows - a game-changer for our Scrum teams."""
Software Engineer,2,"""Jira's flexibility is a double-edged sword; its robust features and customization options make it an indispensable tool, but its steep learning curve and frequent updates can be overwhelming."""
Scrum Master,1,"""Overwhelming complexity, poor integration, and too many features make Jira overwhelming and frustrating, a Scrum Master's nightmare."""
QA Tester,1,"""Disappointing user experience with Jira. Too many unnecessary features, slow performance, and confusing workflows for a project management tool."""
Software Engineer,4,"""I generally like Jira, but its endless customization options and occasional integration issues make it difficult to maintain a smooth workflow."""
Scrum Master,2,"""I've found Jira to be functional, but not particularly innovative or user-friendly, with too many features that feel like 'bloat' in a Scrum context."""
QA Tester,1,"""I've tried Jira, but its UI is clunky and overwhelming, and the customer support is unhelpful - my 1-star rating is well-deserved for such a flawed experience."""
Senior Developer,3,"""I've mixed feelings about Jira. It's a solid tool, but customization options can be convoluted, leading to inflexibility and wasted time."""
QA Tester,1,"""I've struggled to optimize Jira's search feature, resulting in wasted hours and poor decision-making. 1/5 stars."""
Project Manager,2,"""Jira is functional, but lacks real collaboration tools, making it difficult to effectively lead and manage teams. 2/5 stars."""
UI/UX Developer,1,"""Jira's overwhelming interface and steep learning curve make it a challenging tool for new developers, hindering its effectiveness."""
Scrum Master,1,"I'm extremely dissatisfied with Jira's poor integration and limited customization options, making it overly complex for teams to manage projects effectively."
UI/UX Developer,3,"I've found Jira to be a solid tool for team collaboration, but not without its steep learning curve, and occasional integration issues with other tools."
QA Tester,3,"""I've been using Jira for 3 years with mixed results. It's great for task management, but overwhelming for agile teams due to excessive reporting and customization needs."""
Senior Developer,1,"""Overhyped and overwhelmed by feature creep. Jira's robustness comes at a steep price, making it an unaffordable luxury for smaller teams."""
QA Tester,4,"""As a QA Tester, I find Jira decent, but too overwhelming, with too many features, leading to high maintenance and user frustration."""
QA Tester,5,"""Jira is an exceptional tool, my go-to for agile development, providing seamless integration with my team's workflow and daily tasks in a robust and user-friendly environment always."""
Scrum Master,5,"""I've seen Jira's evolution, and it's improved significantly. However, some out-of-the-box feature requests and integration issues persist."""
Senior Developer,4,"""I've found Jira to be a solid, user-friendly product, but its steep learning curve and frequent integration issues have hindered its adoption."" - 4/5 stars."
Project Manager,3,"""I've used Jira for several projects, but its steep learning curve and limited integrations hindered seamless adoption, resulting in an underwhelming experience overall."""
QA Tester,1,"""I've tried Jira, but its steep learning curve and overwhelming feature set have turned it into a frustrating, often unnecessary tool for many projects."""
UI/UX Developer,3,"""I've used Jira for agile projects, but its steep learning curve and frequent plugin updates make it a 3-star experience for many."""
Scrum Master,5,"I've used Jira extensively, and it's been a game-changer. My team and I have improved our productivity and workflow with its robust features and customization capabilities."
QA Tester,5,"""I truly love Jira - its ease of use, flexible reporting, and seamless integrations with other tools make it an indispensable asset to our testing team."""
Senior Developer,5,"""I've been with Jira for years, and it's revolutionized my development process, making it more efficient and enjoyable. 5 stars, a game-changer!"""
QA Tester,2,"""Jira's feature-rich interface and robust reporting capabilities make it a great test management tool. However, user interface is cluttered and bugs occasionally slip through."""
Senior Developer,4,"""I'm a fan of Jira; its user interface is clean, but the issue tracking system can be overly complex, hindering workflow optimization."""
QA Tester,2,"I've been using Jira for a while, and while it has its strengths, some features are still in development, making it hard to fully utilize it. 2/5 stars."
UI/UX Developer,3,"""I've used Jira for project management and collaboration. While it has some excellent features, its steep learning curve and occasional bugs hold it back from being a truly top-notch tool."""
QA Tester,2,"""I'm satisfied with Jira's features, but its steep learning curve and lack of real-time reporting aren't ideal for my team's workflow."""
QA Tester,2,"""Jira's robust features and agile workflow are great, but its steep learning curve and limited user-friendly interface make it a challenging tool to master."""
Scrum Master,5,"I've found Jira to be a reliable and feature-rich tool, consistently meeting my Scrum Master needs with its robust reporting and agile workflows."
Senior Developer,2,"""I've used Jira for multiple projects, but performance issues, customization limitations, and bland reporting make it a mediocre tool for some teams."""
Project Manager,4,"""I've used Jira for several projects, and while it has its strengths, I often find myself frustrated with its steep learning curve and limited customization options, making it a four-star project management tool."""
Senior Developer,3,"""As a Senior Developer, Jira's flexibility, customization options, and robust reporting capabilities make it a solid tool, but too many integrations and limitations hold it back from being a truly exceptional project management solution."""
Project Manager,3,"""While Jira is a widely adopted tool, I find it overwhelming due to excessive customization options, which may be overwhelming for smaller teams."""
Software Engineer,5,"""I've been using Jira for 5 years, and it's been incredibly reliable, scalable, and feature-rich, making it an indispensable tool for our software development team."""
Project Manager,5,"""I've successfully implemented Jira, and it's been a game-changer for my team. Easy to use, customizable, and scalable, an indispensable tool for our project management needs."""
Senior Developer,5,"""Jira is a game-changer. Scalable, flexible, and reliable tool that has streamlined our project management workflow, saving us time and enhancing team collaboration."""
UI/UX Developer,5,"""I'm thoroughly impressed with Jira, effortlessly integrating with other tools and boasting an intuitive interface that makes my life as a UI/UX developer a breeze every day."""
QA Tester,5,"""5 stars! Jira is an amazing tool - flexible, customizable, and reliable, with seamless integration with our development pipeline, making testing a breeze!"""
UI/UX Developer,5,"""5 stars for Jira's seamless integration with Asana, Trello, and Slack – streamlined workflows and real-time collaboration make it an indispensable tool for our team."""
UI/UX Developer,5,"""5 stars - Jira is an unwavering tool for my team, streamlining workflows, empowering collaboration, and consistently delivering high-quality software with minimal bugs."""
Senior Developer,3,"""Jira is a solid tool, but its steep learning curve and limited customization options make it a hit-or-miss experience for most users."""
QA Tester,2,"""I like Jira, but its UI is cluttered and configuration options are limited, making it difficult to customize for large teams. 2/5."""
Software Engineer,1,"""Jira is a bloated, feature-crippling tool with poor integration, cumbersome reporting, and a huge learning curve. Overhyped and overpriced."""
Software Engineer,2,"""Jira's robust features and customization options are impressive, but often overkill for small projects, and the learning curve is steep, which can hinder productivity."""
UI/UX Developer,2,"""While Jira has some great features, its steep learning curve, limited integrations, and lack of user-friendly interface left me feeling frustrated."""
QA Tester,1,"""Overhyped Jira: Inefficient, steep learning curve, and always 'on the fritz,' making teamwork a nightmare for me and my team."""
QA Tester,1,"I couldn't stand the complexity of Jira, the UI was clunky, and reporting features were outdated, a complete waste of time for a project management tool. 1/5 stars."
UI/UX Developer,5,"""I've relied on Jira for 5+ years, its robust features, collaboration tools, and seamless integration with other Atlassian apps make it a stalwart in my UX/UI dev workflow."""
QA Tester,3,"I'm somewhat satisfied with Jira, but it's been a chore managing my project's workflow, too many ""rules"" and too much bureaucracy in the process. 3/5 stars."
Senior Developer,2,"""Jira's customization options are limited, and the integration with other tools can be cumbersome, making it a decent but not outstanding project management tool."""
Software Engineer,2,"""Jira's flexibility is great, but too many features, steep learning curve, and customer support on the rise - 2 stars."""
UI/UX Developer,3,"""I've used Jira for projects, it's functional but lacks flexibility, simplicity, and real-time collaboration tools, making it not ideal for my team."""
Scrum Master,2,"""I appreciate Jira's flexibility, but its overwhelming complexity and steep learning curve make it difficult for new team members, hindering my Scrum Master role effectiveness."""
Senior Developer,5,"""I've successfully integrated Jira into my team's workflow, streamlining agile development, and providing real-time visibility into project progress."""
Senior Developer,4,"""I'm impressed with Jira's robust project management features, but occasional integrations issues and steep learning curve hindered its overall usability for some teams."""
Scrum Master,3,"""I appreciate Jira's flexibility, but its limitations in reporting and dashboards make it less suitable for our team. Recommendations for improvement needed."""
QA Tester,4,"""Jira is user-friendly and robust for our team's needs, but sometimes it takes some time to learn its complex features and integrations."""
Project Manager,3,"I've used Jira for multiple projects, and while it's functional, its steep learning curve and limited customization options hinder its effectiveness for some teams."
Software Engineer,3,"""I've been using Jira for several years, but its steep learning curve and occasional integration issues leave me underwhelmed, at three stars."""
Scrum Master,5,"""I've found Jira to be a solid Scrum tool, with robust reporting and integration capabilities, making it a reliable choice for our team."""
QA Tester,2,"""I'm underwhelmed with Jira's lackluster reporting capabilities and steep learning curve for users, which hinders my ability to deliver high-quality testing results."""
UI/UX Developer,1,"""Overhyped and feature-laden, Jira's steep learning curve and customization demands are overwhelming for non-technical teams."""
Project Manager,5,"""I've successfully managed complex projects with Jira, streamlining workflows and tracking tasks with ease, making my job 5/5 stars every time."""
Project Manager,2,"""I've used Jira for years, but the integration issues with other tools and the 'critical' feature requests often stall my projects, resulting in poor customer satisfaction."""
Software Engineer,1,"I was disappointed with Jira's steep learning curve, limited custom fields for specific projects, and lack of automated workflows, making it less suitable for small teams."
QA Tester,5,"""I've found Jira to be incredibly intuitive and user-friendly, streamlining our test development process with seamless collaboration and robust reporting features."""
Scrum Master,3,"I gave Jira 3 stars for its stability, flexibility, and integration capabilities, but its user experience and self-service capabilities need significant improvement."
UI/UX Developer,3,"""Jira is a solid tool, but its steep learning curve and customization requirements make it less accessible to smaller teams and agile newcomers."""
Senior Developer,2,"""I've been using Jira for [X] years, and while it's been a powerful tool, its steep learning curve, feature creep, and integration issues have made it a chore to maintain."""
Scrum Master,3,"""I've mixed feelings about Jira - it's an essential tool, but my team's adoption is slow, and some features are overhyped."""
UI/UX Developer,2,"""Jira's scalability and collaboration features are great, but I've found the UI overwhelming and reporting tools too complicated for my team's complex projects."""
QA Tester,4,"""I'm generally satisfied with Jira, but its steep learning curve and constant feature updates can be overwhelming, making it difficult to keep up."""
UI/UX Developer,4,"""I love Jira for its robust features, but some integrations and dashboards feel a bit cluttered, which holds it back from being truly top-notch."""
Project Manager,5,"""I've been using Jira for several years, and it's far exceeded my expectations. Scalability, ease of use, and robust reporting feature set make it an indispensable tool in our development process."""
QA Tester,1,"""I'm thoroughly unimpressed with Jira's steep learning curve, lack of flexibility, and outdated interface, making it a chore to use – 1/5 stars."""
Software Engineer,4,"""Good tool, but sometimes overwhelming features and steep learning curve make it feel like a 'complex' project management system. 3/5 stars."""
Scrum Master,3,"""I gave Jira 3 stars. While it has a robust feature set, its steep learning curve and lack of collaboration tools held it back for my team's adoption."""
Senior Developer,5,"""I've been a Jira user for years and it's saved me countless hours, improved team collaboration, and helped us deliver high-quality software with a seamless DevOps workflow."""
Senior Developer,5,"""I've been using Jira for years and it's consistently delivered. It's a reliable, feature-rich tool with seamless integrations - 5 stars!"""
UI/UX Developer,1,"""I've been using Jira for years, but the steep learning curve and too many ads have made it feel like a crowded, overpriced relic for non-techies."""
Scrum Master,5,"""I love Jira's flexibility and ease of use in Scrum, helping teams deliver high-quality projects and meet Agile goals with its robust features and clean interface."""
Project Manager,1,"""I've struggled with Jira's steep learning curve, poor reporting, and inflexible workflows, making it a frustrating tool for my small team's software development needs."""
UI/UX Developer,2,"""I'm underwhelmed by Jira's steep learning curve and limited customization options, making it not the ideal solution for my team's evolving project management needs."""
Senior Developer,4,"""I've been using Jira for several years, and while it suits our needs, its steep learning curve and limited customization options hold me back from 5-star perfection."""
Senior Developer,4,"""As a Senior Developer, Jira's robust features and seamless integrations save a lot of time, but sometimes clutter and customization options can be overwhelming."""
Scrum Master,4,"""I appreciate Jira's flexibility, but its integration with other tools and workflows can be inconsistent, requiring more setup and tweaking."""
Scrum Master,4,"""I appreciate Jira's robust feature set and ease of use, but occasionally the UI feels cluttered, hindering my ability to focus on agile ceremonies."""
UI/UX Developer,3,"""I found Jira a bit clunky and feature-heavy, but I appreciate its robust workflow tools and customization options."""
Senior Developer,5,"""I'm thoroughly impressed with Jira - it streamlines our development process, enhances collaboration, and reduces project timelines by 30%."""
Software Engineer,1,"""I've been burned by Jira's poor integration with other tools, tedious reporting, and user interface that's more frustrating than intuitive."""
QA Tester,5,"""I've used Jira for years - extremely powerful, user-friendly, & reliable tool - a true QA gem, making my testing life easier & more efficient."""
Senior Developer,1,"""Jira's features are overhyped and broken frequently, constantly requiring reimplementation and support requests that take away from the development process, a poor experience."""
Project Manager,1,"""I've been disappointed with Jira's lack of customization options and overly complex workflows, making it challenging to effectively manage projects."""
Senior Developer,5,"""I've used Jira for over 5 years, and it's revolutionized our development process, streamlining workflows and analytics, and making it an indispensable part of our Agile team."""
QA Tester,3,"""I like Jira for its robust reporting features, but its complex workflows and steep learning curve hinder my overall satisfaction."""
Software Engineer,3,"I use Jira for project management, but its cluttered interface and steep learning curve make it a difficult tool to master, resulting in 3 stars."
Senior Developer,2,"""I've had some mixed experiences with Jira - it's been reliable, but the customization options can be overwhelming, and integration with other tools is often a chore."""
UI/UX Developer,1,"""I was underwhelmed by Jira's steep learning curve and limited reporting features, making it a frustrating tool for my UX/UI design work."""
Scrum Master,3,"""While Jira is a solid tool, its integrations and user interface can be overwhelming, hindering effective collaboration and team dynamic in certain Scrum environments."""
Senior Developer,5,"""I've successfully integrated Jira into my team's workflow, streamlined our project management, and saved countless hours with its robust features and user-friendly interface."""
Scrum Master,3,"""I appreciate Jira's flexibility and scalability, but occasionally, its integration with other tools and UI quirks hinder my ScrumMaster experience."""
UI/UX Developer,3,"""As a UI/UX developer, I find Jira somewhat functional, but overly complex, with usability and user experience still sorely lacking in its otherwise robust project management tool."""
QA Tester,5,"""5/5 stars for Jira, seamless integration with our dev team, feature-rich, customizable workflows, and a user-friendly interface that's a game-changer for our Agile development process."""
Scrum Master,1,"I'm underwhelmed by Jira's steep learning curve, poor integration with other tools, and lack of simple, out-of-the-box features."
Senior Developer,3,"""Jira's agile features are solid, but some integrations are clunky, and customization options could be more generous. Still, a reliable tool for teams, but room for improvement."""
Project Manager,5,"""I've successfully managed projects and teams with Jira, using its robust features and scalability to boost productivity and reduce project failure rates significantly."""
Scrum Master,4,"""I've found Jira to be a solid tool, but the integration with other Agile tools and the learning curve can be steep. 4/5 stars."""
UI/UX Developer,1,"""Jira is a bloated, overly complex tool for my simple requirements. Too many features, poor integration with other tools, and a steep learning curve."""
Software Engineer,1,"""I've consistently underwhelmed by Jira's limited collaboration features, frequent bugs, and inability to scale effectively, resulting in significant frustration."""
Scrum Master,3,"""I appreciate Jira's robust reporting features, but its integration issues with other tools and limited customization options hinder its overall utility for our Scrum teams."""
Project Manager,5,"""I'm thoroughly impressed with Jira - user-friendly, customizable, and scalable; seamless integration with our existing tools; highly customizable workflows."""
QA Tester,3,"""Jira has its benefits, but inconsistent user experience, outdated integrations, and steep learning curve detract from its value for a large, complex testing team like mine."""
Project Manager,1,"I've been stuck in Jira with endless rework and poor customer support, leaving me frustrated and demotivated as a Project Manager."
Software Engineer,1,"""Unreliable Jira integration with our CI/CD pipeline and inconsistent reporting led to significant delays and unnecessary rework in our development process."""
Project Manager,3,"""I'm satisfied with Jira, but its customization features are limited and some integrations are inconsistent, making it a 3-star experience for me."""
UI/UX Developer,2,"""Jira is functional, but lacks polish and user experience; some features are bloated, and customer support could be more responsive overall."""
Scrum Master,3,"""Jira is functional, but lacks robust user experience, can be slow, and lacks some of my Scrum Master's favorite features – a 3-star experience."""
Software Engineer,3,"""Jira is a solid tool for teams, but its steep learning curve and lack of user-friendly dashboards hold it back from being a truly great platform for me."" (3/5 stars)"
Senior Developer,1,"""Overhyped and expensive, Jira is a bloated, feature-rich tool that fails to deliver on its promises, leading to wasted time and frustration."""
Software Engineer,5,"""I highly recommend Jira for complex projects. Its robust features, customization options, and seamless integration with other tools have exceeded my expectations."""
UI/UX Developer,1,"""Overhyped for its features, Jira's steep learning curve and bloated interface make it a frustrating choice for small teams, especially for non-tech users."""
QA Tester,2,"""I appreciate Jira's workflow and reporting features, but its steep learning curve and frequent updates can be overwhelming, resulting in frustration for some testers."""
Scrum Master,4,"I appreciate Jira's flexibility, but its steep learning curve and frequent updates keep it from being a truly seamless Scrum tool."
UI/UX Developer,5,"""I've spent years searching for a Jira that meets my needs. Jira is the perfect blend of power, ease of use, and customization - an industry game-changer."""
Scrum Master,3,"""Jira's flexibility is commendable, but the UI is buggy, and the reporting features are not as intuitive as I'd like. 2.5 stars, a mixed bag."""
Software Engineer,4,"""Jira has its strengths, but its user interface can be overwhelming, and collaboration can be challenging at times. 4/5 stars."""
Project Manager,5,"""I've used Jira for projects and it's been a game-changer, integrating seamlessly into our workflow, streamlining tasks, and ensuring timely deliverables every time."""
Software Engineer,4,"""I appreciate Jira's robust features and customizable workflows, but its steep learning curve and occasional integrations issues hinder its overall usability."""
UI/UX Developer,1,"""Jira is overhyped. Too many features, overwhelming interface, and high learning curve make it a frustrating and unmaintainable tool for most projects."""
Scrum Master,3,"""Jira's flexibility makes it suitable for teamwork, but excessive customization and slower API integrations limit its productivity and user experience. 3/5 stars."""
Project Manager,4,"""I find Jira suitable, but too expensive, cumbersome workflows, and occasional issues with integration with other tools make it a 4-star experience overall."""
Scrum Master,3,"""I'm moderately satisfied with Jira, but its steep learning curve and inflexibility hinder its potential as a true Scrum tool."""
Software Engineer,4,"""I've had mixed experiences with Jira. It's a powerful tool for agile development, but integration with other tools and training required can be frustrating at times."""
QA Tester,3,"""I appreciate Jira's flexibility, but its UI can be overwhelming, and some integrations leave room for improvement - 3/5 stars."""
Senior Developer,5,"""Jira has been an indispensable tool for our development team, streamlining our workflow and enabling seamless project management."""
Scrum Master,3,"""I've seen Jira work well for teams, but it's not perfect; it can be daunting at first, but with proper setup, I've managed to tame its complexity and make it work for our development process."""
QA Tester,3,"I use Jira for project management, but its integrations and customization options feel limited, and user experience can be clunky at times. 3/5 stars."
Senior Developer,3,"""Jira is a solid tool but lacks the seamless collaboration and automated workflows I've grown accustomed to in my other tools - 3/5 stars."""
Project Manager,5,"""I've seen Jira grow from a project tool to a full-fledged platform that streamlines workflows, enhances collaboration, and provides unparalleled reporting capabilities."""
Scrum Master,5,"""I've adopted Jira with mixed results - scalable, customizable, and collaborative, but sometimes requires too much manual effort and occasional cumbersome workflows."""
QA Tester,5,"""I've found Jira to be incredibly intuitive and user-friendly, making it a game-changer for our team's project management and collaboration efforts."""
UI/UX Developer,2,"""I find Jira's integration with other tools and user-friendly interface somewhat lacking, making it not the most seamless UI/UX experience."""
QA Tester,4,"""Jira is a solid tool, but cumbersome to use, lacks some essential features, and can be overwhelming, mainly for non-technical users."""
Project Manager,4,"I've found Jira to be a solid project management tool, but its steep learning curve can be overwhelming for some teams."
Scrum Master,3,"""I appreciate Jira's robust features, but its steep learning curve and lack of integration with Agile workflows leave me feeling somewhat underwhelmed."""
QA Tester,5,"""I've been using Jira for years, and it's saved our team from numerous QA challenges, making it a seamless, efficient, and reliable tool for our high-quality software development process."""
Scrum Master,5,I love Jira! Its flexibility and collaboration features make it an ideal choice for my Scrum teams. 5/5 stars for ease of use and team productivity!
Scrum Master,4,"""I've found Jira to be a solid addition to our Scrum team, its integration with our Agile workflow is seamless, but occasional integrations break team productivity."""
Senior Developer,2,"""I've had mixed experiences with Jira, its flexibility is both a strength and weakness, sometimes too easy to overuse, and lacking in some workflow customizations."""
Scrum Master,4,"""I've seen mixed results with Jira, but its flexibility, integrations, and scalability have helped me improve team collaboration and project management. 4/5 stars."""
Scrum Master,3,"""I appreciate Jira's flexibility and customization options, but its steep learning curve and lack of real-time collaboration hinder its full potential as a Scrum Master tool."""
Senior Developer,3,"""I've seen both the hype and the pain – Jira is a solid tool, but my experience has been inconsistent, with too many quirks and occasional crashes."""
Senior Developer,4,"I'm a Senior Developer, and Jira has been a solid tool, but its steep learning curve and lack of real-time collaboration hold it back from perfection. 4/5 stars."
Senior Developer,5,"""I've successfully implemented Jira with my team, streamlining project management and reducing bugs by 75% - a true Jira advantage."""
Project Manager,2,"""I've had mixed experiences with Jira - functional, but user-friendly interface can be overwhelming, and some integrations leave me underwhelmed."""
Senior Developer,3,"""I have mixed feelings about Jira - great integrations, but steep learning curve and sometimes feature-breaking updates leave me questioning its overall reliability."""
Software Engineer,5,"""5 stars - Jira has streamlined our development process, greatly reducing bugs and meeting deadlines. A reliable and user-friendly tool that has been a game-changer for our team's productivity."""
Project Manager,1,"""I've been underwhelmed by Jira's steep learning curve and lack of automation features, hindering our project's efficiency and growth potential."""
Senior Developer,4,"""I'm satisfied with Jira, but its steep learning curve and limited reporting capabilities hold it back from being an ideal tool for my team."""
Scrum Master,1,"""Jira's overwhelming feature set, poor reporting, and inflexibility make it an unhelpful tool for Scrum teams, dragging us further from agile goals."""
Software Engineer,5,"""I'm consistently impressed with Jira's flexibility, power, and collaboration features, making it an ideal tool for complex software development projects."""
Senior Developer,3,"""Jira is a solid project management tool, but its steep learning curve and high costs deter some teams, limiting its effectiveness in certain environments."""
Senior Developer,1,"""Overwhelming complexity and limited customization options. Jira's integration with other tools is clunky and often not seamless. A bloated, underwhelming experience."""
UI/UX Developer,2,"Two stars. Jira's flexibility is a mixed bag - some integrations work seamlessly, while others are clunky and frustrating to troubleshoot."
Scrum Master,1,"""I'm extremely dissatisfied with Jira's poor scalability and bug-tracking features. It's a Scrum Master's nightmare."""
Scrum Master,2,"""I was satisfied with Jira's initial setup, but its complexity and steep learning curve made it challenging to navigate, resulting in frustration. 2/5 stars."""
Software Engineer,1,"""I've consistently had issues with Jira's integration with other tools and the 'new feature' notifications for non-users - frustrating."""
Project Manager,5,"""I love Jira for its flexibility, customization, and seamless integration with our existing workflow, making it a game-changer for our project management team."""
UI/UX Developer,1,"""Overhyped and overly restrictive for a UI/UX developer, Jira feels like a relic of the past, with too many 'features' and not enough flexibility."""
Software Engineer,4,"""Jira's flexibility is great, but some screen clutter, poor integration with other tools, and occasional performance issues keep it from being the perfect tool for my projects."""
Project Manager,2,"I'm generally satisfied with Jira, but its user interface can be overwhelming and its integration with other tools is sometimes inconsistent, which slows down my workflow."
Software Engineer,3,"""I've found Jira to be a solid tool, but its extensive customization options and steep learning curve have made it an unforgiving project management experience for some."""
Senior Developer,3,"""I've found Jira to be a solid tool, but sometimes cumbersome workflows and steep learning curve hinder its use in our team's development process."""
UI/UX Developer,5,"""I'm thoroughly impressed with Jira's robust features, seamless integrations, and intuitive interface, making it an indispensable tool for my design and development teams."""
UI/UX Developer,2,"""I like Jira, but its steep learning curve and frequent updates make it a pain to manage, especially for those new to Agile methodologies."""
QA Tester,4,"""I've used Jira for several projects, and while it's robust, its steep learning curve and frequent updates make it challenging to implement effectively, resulting in imperfect 4-star performance."""
QA Tester,4,"I've used Jira extensively for project management, but its steep learning curve and lack of mobile app made it challenging to utilize effectively. 4/5 stars."
Senior Developer,4,"""I'm generally happy with Jira, but my 4-star rating is due to occasional performance issues and limited customization for our custom boards."""
UI/UX Developer,4,"I'd give Jira 3.5 stars. Its UI is clean and user-friendly, but sometimes integration with other tools feels clunky, and some users find it overwhelming at first."
Senior Developer,3,"""Jira's flexibility and customization options make it a workhorse, but occasional integration issues and steep learning curve hold it back from being a truly exceptional tool."""
Software Engineer,3,"""I've mixed feelings about Jira. While it's effective for complex projects, its steep learning curve and limited customization options frustrate some users."""
Project Manager,4,"I've found Jira to be a solid project management tool, but its steep learning curve and occasional issues with reporting and integrations hold it back from perfection."
QA Tester,5,"""Jira has streamlined our testing process, improved collaboration, and increased productivity. A solid 5 stars for its usability, scalability, and comprehensive feature set."""
Scrum Master,5,"""I've seen Jira grow to perfection, streamlining our Scrum process with ease, reducing defects, and increasing team productivity by 30% - 5/5 stars!"""
QA Tester,3,"I'm generally satisfied with Jira, but its steep learning curve and feature overload can be overwhelming for new users, leading to burnout."
Software Engineer,1,"""Overwhelmed by Jira's steep learning curve, poor customer support, and numerous bugs that left my team frustrated and underutilized."""
Project Manager,5,"""I've been impressed with Jira's robust features, scalability, and seamless integrations across our development team, making it an indispensable tool in our software project management workflow."""
QA Tester,4,"""I appreciate Jira's robust reporting features, but occasionally, user interface can be cluttered and integration with other tools can be complex and time-consuming."" (4/5)"
Software Engineer,4,"""Jira's robust features and customizable workflows can be overwhelming at times, but its seamless integration with other tools and incredible support make it a top choice for software teams."""
Senior Developer,4,"""Jira's flexibility and integration capabilities make it a reliable choice, but its steep learning curve and occasional bug support are drawbacks that prevent it from being a perfect fit for every team."""
UI/UX Developer,4,"""I'm satisfied with Jira's feature-rich design, but dev support could be more accessible, and occasionally performance slows down."""
UI/UX Developer,4,"""I've been using Jira for 3 years, with its robust features and agile workflows, it's become my go-to tool for managing projects, integrating with other tools, and collaborating with teams."""
